"Status","Start Time","Stop Time","Duration in ms","Parent Suite","Suite","Sub Suite","Test Class","Test Method","Name","Description"
"broken","Wed May 17 21:09:34 GMT 2023","Wed May 17 21:09:34 GMT 2023","0","tests","test_api","TestBookstoreAPI","","","test_request_list_of_fiction_books",""
"broken","Wed May 17 21:09:34 GMT 2023","Wed May 17 21:09:34 GMT 2023","0","tests","test_api","TestBookstoreAPI","","","test_request_list_of_all_books",""
"broken","Wed May 17 21:09:34 GMT 2023","Wed May 17 21:09:34 GMT 2023","0","tests","test_api","TestBookstoreAPI","","","test_submit_new_book_order",""
"broken","Wed May 17 21:09:34 GMT 2023","Wed May 17 21:09:34 GMT 2023","0","tests","test_api","TestBookstoreAPI","","","test_request_non_existent_book_type",""
"broken","Wed May 17 21:09:34 GMT 2023","Wed May 17 21:09:34 GMT 2023","0","tests","test_api","TestBookstoreAPI","","","test_unauthorized_request_order_by_id",""
"broken","Wed May 17 21:09:34 GMT 2023","Wed May 17 21:09:34 GMT 2023","1","tests","test_api","TestBookstoreAPI","","","test_request_order_by_invalid_id",""
"broken","Wed May 17 21:09:34 GMT 2023","Wed May 17 21:09:34 GMT 2023","0","tests","test_api","TestBookstoreAPI","","","test_updating_existing_order",""
"broken","Wed May 17 21:09:34 GMT 2023","Wed May 17 21:09:34 GMT 2023","0","tests","test_api","TestBookstoreAPI","","","test_request_list_of_non_fiction_books",""
"broken","Wed May 17 21:09:34 GMT 2023","Wed May 17 21:09:34 GMT 2023","1","tests","test_api","TestBookstoreAPI","","","test_register_new_user",""
"broken","Wed May 17 21:09:34 GMT 2023","Wed May 17 21:09:34 GMT 2023","0","tests","test_api","TestBookstoreAPI","","","test_updating_invalid_order",""
"broken","Wed May 17 21:09:34 GMT 2023","Wed May 17 21:09:34 GMT 2023","0","tests","test_api","TestBookstoreAPI","","","test_request_status",""
"broken","Wed May 17 21:09:34 GMT 2023","Wed May 17 21:09:34 GMT 2023","0","tests","test_api","TestBookstoreAPI","","","test_request_all_book_orders",""
"broken","Wed May 17 21:09:34 GMT 2023","Wed May 17 21:09:34 GMT 2023","1","tests","test_api","TestBookstoreAPI","","","test_request_non_existent_book",""
"broken","Wed May 17 21:09:34 GMT 2023","Wed May 17 21:09:34 GMT 2023","1","tests","test_api","TestBookstoreAPI","","","test_submit_order_with_invalid_or_non_existent_id",""
"broken","Wed May 17 21:09:34 GMT 2023","Wed May 17 21:09:34 GMT 2023","0","tests","test_api","TestBookstoreAPI","","","test_request_single_book",""
"broken","Wed May 17 21:09:34 GMT 2023","Wed May 17 21:09:34 GMT 2023","1","tests","test_api","TestBookstoreAPI","","","test_request_order_by_id",""
"broken","Wed May 17 21:09:34 GMT 2023","Wed May 17 21:09:34 GMT 2023","0","tests","test_api","TestBookstoreAPI","","","test_unauthorized_request_all_book_orders",""
"broken","Wed May 17 21:09:34 GMT 2023","Wed May 17 21:09:34 GMT 2023","1","tests","test_api","TestBookstoreAPI","","","test_delete_existing_header",""
"broken","Wed May 17 21:09:34 GMT 2023","Wed May 17 21:09:34 GMT 2023","1","tests","test_api","TestBookstoreAPI","","","test_submit_unauthorised_order",""
"broken","Wed May 17 21:09:34 GMT 2023","Wed May 17 21:09:34 GMT 2023","0","tests","test_api","TestBookstoreAPI","","","test_unauthorized_updating_existing_order",""
